file,line,issue,severity
"docs\ADAPTIVE_TRADE_MANAGER_ROADMAP.md","7","Line too long (156 characters)","info"
"docs\ADAPTIVE_TRADE_MANAGER_ROADMAP.md","653","Line too long (126 characters)","info"
"docs\ADAPTIVE_TRADE_MANAGER_ROADMAP.md","671","Trailing whitespace","warning"
"docs\ADAPTIVE_TRADE_MANAGER_ROADMAP.md","68","Heading level jumps from H1 to H3","warning"
"docs\ADAPTIVE_TRADE_MANAGER_ROADMAP.md","308","Heading level jumps from H1 to H4","warning"
"docs\ADAPTIVE_TRADE_MANAGER_ROADMAP.md","320","Heading level jumps from H1 to H4","warning"
"docs\ADAPTIVE_TRADE_MANAGER_ROADMAP.md","333","Heading level jumps from H1 to H4","warning"
"docs\ADAPTIVE_TRADE_MANAGER_ROADMAP.md","349","Heading level jumps from H1 to H3","warning"
"docs\ADAPTIVE_TRADE_MANAGER_ROADMAP.md","363","Heading level jumps from H1 to H4","warning"
"docs\ADAPTIVE_TRADE_MANAGER_ROADMAP.md","395","Heading level jumps from H1 to H3","warning"
"docs\ADAPTIVE_TRADE_MANAGER_ROADMAP.md","422","Heading level jumps from H1 to H4","warning"
"docs\ADAPTIVE_TRADE_MANAGER_ROADMAP.md","432","Heading level jumps from H1 to H4","warning"
"docs\ADAPTIVE_TRADE_MANAGER_ROADMAP.md","442","Heading level jumps from H1 to H4","warning"
"docs\ADAPTIVE_TRADE_MANAGER_ROADMAP.md","474","Heading level jumps from H1 to H3","warning"
"docs\ADAPTIVE_TRADE_MANAGER_ROADMAP.md","496","Heading level jumps from H1 to H3","warning"
"docs\ADAPTIVE_TRADE_MANAGER_ROADMAP.md","515","Heading level jumps from H1 to H3","warning"
"docs\ADAPTIVE_TRADE_MANAGER_ROADMAP.md","586","Heading level jumps from H1 to H3","warning"
"docs\ADAPTIVE_TRADE_MANAGER_ROADMAP.md","596","Heading level jumps from H1 to H3","warning"
"docs\ADAPTIVE_TRADE_MANAGER_ROADMAP.md","620","Heading level jumps from H1 to H3","warning"
"docs\ADAPTIVE_TRADE_MANAGER_ROADMAP.md","630","Heading level jumps from H1 to H3","warning"
"docs\ADAPTIVE_TRADE_MANAGER_ROADMAP.md","461","Duplicate heading: ""Response Example""","warning"
"docs\ADAPTIVE_TRADE_MANAGER_ROADMAP.md","479","Duplicate heading: ""Response Example""","warning"
"docs\ADAPTIVE_TRADE_MANAGER_ROADMAP.md","501","Duplicate heading: ""Response Example""","warning"
"docs\ADAPTIVE_TRADE_MANAGER_ROADMAP.md","522","Duplicate heading: ""Response Example""","warning"
"docs\ADAPTIVE_TRADE_MANAGER_ROADMAP.md","461","Duplicate heading: ""Response Example""","warning"
"docs\ADAPTIVE_TRADE_MANAGER_ROADMAP.md","479","Duplicate heading: ""Response Example""","warning"
"docs\ADAPTIVE_TRADE_MANAGER_ROADMAP.md","501","Duplicate heading: ""Response Example""","warning"
"docs\ADAPTIVE_TRADE_MANAGER_ROADMAP.md","522","Duplicate heading: ""Response Example""","warning"
"docs\ADAPTIVE_TRADE_MANAGER_ROADMAP.md","461","Duplicate heading: ""Response Example""","warning"
"docs\ADAPTIVE_TRADE_MANAGER_ROADMAP.md","479","Duplicate heading: ""Response Example""","warning"
"docs\ADAPTIVE_TRADE_MANAGER_ROADMAP.md","501","Duplicate heading: ""Response Example""","warning"
"docs\ADAPTIVE_TRADE_MANAGER_ROADMAP.md","522","Duplicate heading: ""Response Example""","warning"
"docs\ADVANCED_SECURITY_ARCHITECTURE.md","8","Line too long (333 characters)","info"
"docs\ADVANCED_SECURITY_ARCHITECTURE.md","521","Line too long (340 characters)","info"
"docs\ADVANCED_SECURITY_ARCHITECTURE.md","530","Line too long (122 characters)","info"
"docs\ADVANCED_SECURITY_ARCHITECTURE.md","536","Trailing whitespace","warning"
"docs\ADVANCED_SECURITY_ARCHITECTURE.md","80","Heading level jumps from H1 to H3","warning"
"docs\ADVANCED_SECURITY_ARCHITECTURE.md","108","Heading level jumps from H1 to H3","warning"
"docs\ADVANCED_SECURITY_ARCHITECTURE.md","160","Heading level jumps from H1 to H3","warning"
"docs\ADVANCED_SECURITY_ARCHITECTURE.md","235","Heading level jumps from H1 to H3","warning"
"docs\ADVANCED_SECURITY_ARCHITECTURE.md","269","Heading level jumps from H1 to H3","warning"
"docs\ADVANCED_SECURITY_ARCHITECTURE.md","347","Heading level jumps from H1 to H3","warning"
"docs\AI_ALGO_TRADE_COMPETITOR_ANALYSIS_2025.md","10","Line too long (290 characters)","info"
"docs\AI_ALGO_TRADE_COMPETITOR_ANALYSIS_2025.md","338","Line too long (170 characters)","info"
"docs\AI_ALGO_TRADE_COMPREHENSIVE_ANALYSIS_2025.md","11","Line too long (336 characters)","info"
"docs\AI_ALGO_TRADE_COMPREHENSIVE_ANALYSIS_2025.md","333","Line too long (229 characters)","info"
"docs\AI_ALGO_TRADE_COMPREHENSIVE_ANALYSIS_2025.md","341","Trailing whitespace","warning"
"docs\AI_ALGO_TRADE_COMPREHENSIVE_ANALYSIS_2025.md","205","Heading level jumps from H1 to H3","warning"
"docs\AI_ALGO_TRADE_NEXT_GEN_ROADMAP_2025.md","11","Line too long (228 characters)","info"
"docs\AI_ALGO_TRADE_NEXT_GEN_ROADMAP_2025.md","491","Line too long (126 characters)","info"
"docs\AI_ALGO_TRADE_NEXT_GEN_ROADMAP_2025.md","495","Trailing whitespace","warning"
"docs\AI_ALGO_TRADE_NEXT_GEN_ROADMAP_2025.md","56","Heading level jumps from H1 to H4","warning"
"docs\AI_ALGO_TRADE_NEXT_GEN_ROADMAP_2025.md","204","Heading level jumps from H1 to H3","warning"
"docs\AI_ALGO_TRADE_ULTIMATE_PERFECTION_ROADMAP_2025.md","11","Line too long (281 characters)","info"
"docs\AI_ALGO_TRADE_ULTIMATE_PERFECTION_ROADMAP_2025.md","534","Line too long (121 characters)","info"
"docs\AI_ALGO_TRADE_ULTIMATE_PERFECTION_ROADMAP_2025.md","538","Trailing whitespace","warning"
"docs\AI_ALGO_TRADE_ULTIMATE_PERFECTION_ROADMAP_2025.md","146","Heading level jumps from H1 to H4","warning"
"docs\AI_ALGO_TRADE_ULTIMATE_PERFECTION_ROADMAP_2025.md","172","Heading level jumps from H1 to H3","warning"
"docs\AI_ALGO_TRADE_ULTIMATE_PERFECTION_ROADMAP_2025.md","211","Heading level jumps from H1 to H4","warning"
"docs\architecture\MODULAR_INTEGRATION_ROADMAP.md","4","Line too long (197 characters)","info"
"docs\architecture\MODULAR_INTEGRATION_ROADMAP.md","286","Trailing whitespace","warning"
"docs\architecture\MODULAR_INTEGRATION_ROADMAP.md","68","Heading level jumps from H1 to H4","warning"
"docs\architecture\MODULAR_INTEGRATION_ROADMAP.md","94","Heading level jumps from H1 to H4","warning"
"docs\architecture\MODULAR_INTEGRATION_ROADMAP.md","123","Heading level jumps from H1 to H4","warning"
"docs\architecture\MODULAR_INTEGRATION_ROADMAP.md","151","Heading level jumps from H1 to H4","warning"
"docs\architecture\SYSTEM_ARCHITECTURE_UPDATED.md","359","Trailing whitespace","warning"
"docs\architecture\SYSTEM_ARCHITECTURE_UPDATED.md","359","Line too long (171 characters)","info"
"docs\architecture\SYSTEM_ARCHITECTURE_UPDATED.md","138","Heading level jumps from H1 to H3","warning"
"docs\architecture\SYSTEM_ARCHITECTURE_UPDATED.md","176","Heading level jumps from H1 to H4","warning"
"docs\architecture\SYSTEM_ARCHITECTURE_UPDATED.md","233","Heading level jumps from H1 to H3","warning"
"docs\architecture\SYSTEM_ARCHITECTURE_UPDATED.md","272","Heading level jumps from H1 to H3","warning"
"docs\architecture\SYSTEM_ARCHITECTURE_UPDATED.md","288","Heading level jumps from H1 to H3","warning"
"docs\architecture\SYSTEM_ARCHITECTURE_UPDATED.md","324","Heading level jumps from H1 to H3","warning"
"docs\architecture\UNIFIED_TRADING_ARCHITECTURE_ROADMAP.md","472","Line too long (143 characters)","info"
"docs\architecture\UNIFIED_TRADING_ARCHITECTURE_ROADMAP.md","490","Trailing whitespace","warning"
"docs\architecture\UNIFIED_TRADING_ARCHITECTURE_ROADMAP.md","25","Heading level jumps from H1 to H4","warning"
"docs\architecture\UNIFIED_TRADING_ARCHITECTURE_ROADMAP.md","37","Heading level jumps from H1 to H4","warning"
"docs\architecture\UNIFIED_TRADING_ARCHITECTURE_ROADMAP.md","49","Heading level jumps from H1 to H3","warning"
"docs\architecture\UNIFIED_TRADING_ARCHITECTURE_ROADMAP.md","123","Heading level jumps from H1 to H4","warning"
"docs\architecture\UNIFIED_TRADING_ARCHITECTURE_ROADMAP.md","153","Heading level jumps from H1 to H4","warning"
"docs\architecture\UNIFIED_TRADING_ARCHITECTURE_ROADMAP.md","197","Heading level jumps from H1 to H3","warning"
"docs\architecture\UNIFIED_TRADING_ARCHITECTURE_ROADMAP.md","234","Heading level jumps from H1 to H4","warning"
"docs\architecture\UNIFIED_TRADING_ARCHITECTURE_ROADMAP.md","250","Heading level jumps from H1 to H4","warning"
"docs\architecture\UNIFIED_TRADING_ARCHITECTURE_ROADMAP.md","266","Heading level jumps from H1 to H3","warning"
"docs\architecture\UNIFIED_TRADING_ARCHITECTURE_ROADMAP.md","285","Heading level jumps from H1 to H4","warning"
"docs\architecture\UNIFIED_TRADING_ARCHITECTURE_ROADMAP.md","302","Heading level jumps from H1 to H4","warning"
"docs\architecture\UNIFIED_TRADING_ARCHITECTURE_ROADMAP.md","350","Heading level jumps from H1 to H3","warning"
"docs\architecture\UNIFIED_TRADING_ARCHITECTURE_ROADMAP.md","383","Heading level jumps from H1 to H3","warning"
"docs\architecture\UNIFIED_TRADING_ARCHITECTURE_ROADMAP.md","399","Heading level jumps from H1 to H3","warning"
"docs\architecture\UNIFIED_TRADING_ARCHITECTURE_ROADMAP.md","441","Heading level jumps from H1 to H3","warning"
"docs\dashboard-screenshots.md","6","Dead local link: ./screenshots/quantum-dashboard-overview.png","error"
"docs\dashboard-screenshots.md","28","Dead local link: ./screenshots/influence-analytics.png","error"
"docs\dashboard-screenshots.md","49","Dead local link: ./screenshots/network-visualization.png","error"
"docs\dashboard-screenshots.md","73","Dead local link: ./screenshots/ai-insights.png","error"
"docs\dashboard-screenshots.md","285","Trailing whitespace","warning"
"docs\dashboard-screenshots.md","217","Heading level jumps from H1 to H3","warning"
"docs\dashboard-screenshots.md","6","Missing image file: ./screenshots/quantum-dashboard-overview.png","error"
"docs\dashboard-screenshots.md","28","Missing image file: ./screenshots/influence-analytics.png","error"
"docs\dashboard-screenshots.md","49","Missing image file: ./screenshots/network-visualization.png","error"
"docs\dashboard-screenshots.md","73","Missing image file: ./screenshots/ai-insights.png","error"
"docs\diagrams\adaptive-trade-manager-architecture.md","45","Trailing whitespace","warning"
"docs\diagrams\adaptive-trade-manager-flow.md","40","Trailing whitespace","warning"
"docs\diagrams\data-flow-diagram.md","3","Line too long (170 characters)","info"
"docs\diagrams\data-flow-diagram.md","62","Trailing whitespace","warning"
"docs\diagrams\database-schema.md","3","Line too long (133 characters)","info"
"docs\diagrams\database-schema.md","62","Line too long (138 characters)","info"
"docs\diagrams\database-schema.md","66","Line too long (137 characters)","info"
"docs\diagrams\database-schema.md","74","Trailing whitespace","warning"
"docs\diagrams\frontend-component-diagram.md","3","Line too long (126 characters)","info"
"docs\diagrams\frontend-component-diagram.md","62","Line too long (123 characters)","info"
"docs\diagrams\frontend-component-diagram.md","65","Trailing whitespace","warning"
"docs\diagrams\god-mode-architecture.md","3","Line too long (134 characters)","info"
"docs\diagrams\god-mode-architecture.md","79","Line too long (147 characters)","info"
"docs\diagrams\god-mode-architecture.md","80","Line too long (153 characters)","info"
"docs\diagrams\god-mode-architecture.md","82","Trailing whitespace","warning"
"docs\diagrams\god-mode-architecture.md","82","Line too long (130 characters)","info"
"docs\diagrams\god-mode-completion-summary.md","3","Line too long (140 characters)","info"
"docs\diagrams\god-mode-completion-summary.md","18","Line too long (125 characters)","info"
"docs\diagrams\god-mode-completion-summary.md","19","Line too long (125 characters)","info"
"docs\diagrams\god-mode-completion-summary.md","20","Line too long (133 characters)","info"
"docs\diagrams\god-mode-completion-summary.md","63","Trailing whitespace","warning"
"docs\diagrams\god-mode-completion-summary.md","63","Line too long (215 characters)","info"
"docs\diagrams\god-mode-integration-plan.md","3","Line too long (132 characters)","info"
"docs\diagrams\god-mode-integration-plan.md","69","Line too long (127 characters)","info"
"docs\diagrams\god-mode-integration-plan.md","70","Line too long (130 characters)","info"
"docs\diagrams\god-mode-integration-plan.md","72","Trailing whitespace","warning"
"docs\diagrams\market-narrator-flow.md","33","Trailing whitespace","warning"
"docs\diagrams\README.md","3","Line too long (194 characters)","info"
"docs\diagrams\README.md","32","Line too long (136 characters)","info"
"docs\diagrams\README.md","35","Line too long (127 characters)","info"
"docs\diagrams\README.md","38","Line too long (136 characters)","info"
"docs\diagrams\README.md","41","Line too long (139 characters)","info"
"docs\diagrams\README.md","44","Line too long (186 characters)","info"
"docs\diagrams\README.md","47","Line too long (188 characters)","info"
"docs\diagrams\README.md","101","Trailing whitespace","warning"
"docs\diagrams\revolutionary-features-overview.md","3","Line too long (122 characters)","info"
"docs\diagrams\revolutionary-features-overview.md","89","Trailing whitespace","warning"
"docs\diagrams\shadow-mode-architecture.md","125","Trailing whitespace","warning"
"docs\diagrams\shadow-mode-integration-plan.md","3","Line too long (135 characters)","info"
"docs\diagrams\shadow-mode-integration-plan.md","69","Line too long (129 characters)","info"
"docs\diagrams\shadow-mode-integration-plan.md","70","Line too long (129 characters)","info"
"docs\diagrams\shadow-mode-integration-plan.md","71","Trailing whitespace","warning"
"docs\diagrams\strategy-whisperer-architecture.md","47","Trailing whitespace","warning"
"docs\diagrams\system-architecture.md","35","Line too long (121 characters)","info"
"docs\diagrams\system-architecture.md","42","Trailing whitespace","warning"
"docs\diagrams\ultimate-feature-matrix.md","3","Line too long (178 characters)","info"
"docs\diagrams\ultimate-feature-matrix.md","74","Line too long (154 characters)","info"
"docs\diagrams\ultimate-feature-matrix.md","75","Trailing whitespace","warning"
"docs\diagrams\ultimate-feature-matrix.md","75","Line too long (130 characters)","info"
"docs\diagrams\whale-detection-process.md","75","Trailing whitespace","warning"
"docs\frontend\DASHBOARD_MODERNIZATION_SUMMARY.md","192","Line too long (304 characters)","info"
"docs\frontend\DASHBOARD_MODERNIZATION_SUMMARY.md","198","Trailing whitespace","warning"
"docs\frontend\QUANTUM_DASHBOARD_MODERNIZATION_ROADMAP.md","8","Line too long (186 characters)","info"
"docs\frontend\QUANTUM_DASHBOARD_MODERNIZATION_ROADMAP.md","509","Line too long (185 characters)","info"
"docs\frontend\QUANTUM_DASHBOARD_MODERNIZATION_ROADMAP.md","511","Trailing whitespace","warning"
"docs\frontend\QUANTUM_DASHBOARD_MODERNIZATION_ROADMAP.md","150","Heading level jumps from H1 to H3","warning"
"docs\frontend\QUANTUM_DASHBOARD_MODERNIZATION_ROADMAP.md","340","Heading level jumps from H1 to H3","warning"
"docs\frontend\QUANTUM_DASHBOARD_MODERNIZATION_ROADMAP.md","372","Heading level jumps from H1 to H4","warning"
"docs\frontend\QUANTUM_DASHBOARD_MODERNIZATION_ROADMAP.md","404","Heading level jumps from H1 to H4","warning"
"docs\frontend\QUANTUM_DASHBOARD_MODERNIZATION_ROADMAP.md","90","Duplicate heading: ""Current Issues:""","warning"
"docs\frontend\QUANTUM_DASHBOARD_MODERNIZATION_ROADMAP.md","122","Duplicate heading: ""Current Issues:""","warning"
"docs\frontend\QUANTUM_DASHBOARD_MODERNIZATION_ROADMAP.md","153","Duplicate heading: ""Current Issues:""","warning"
"docs\frontend\QUANTUM_DASHBOARD_MODERNIZATION_ROADMAP.md","205","Duplicate heading: ""Current Issues:""","warning"
"docs\frontend\QUANTUM_DASHBOARD_MODERNIZATION_ROADMAP.md","95","Duplicate heading: ""Solution:""","warning"
"docs\frontend\QUANTUM_DASHBOARD_MODERNIZATION_ROADMAP.md","127","Duplicate heading: ""Solution:""","warning"
"docs\frontend\QUANTUM_DASHBOARD_MODERNIZATION_ROADMAP.md","158","Duplicate heading: ""Solution:""","warning"
"docs\frontend\QUANTUM_DASHBOARD_MODERNIZATION_ROADMAP.md","101","Duplicate heading: ""Implementation:""","warning"
"docs\frontend\QUANTUM_DASHBOARD_MODERNIZATION_ROADMAP.md","133","Duplicate heading: ""Implementation:""","warning"
"docs\frontend\QUANTUM_DASHBOARD_MODERNIZATION_ROADMAP.md","90","Duplicate heading: ""Current Issues:""","warning"
"docs\frontend\QUANTUM_DASHBOARD_MODERNIZATION_ROADMAP.md","122","Duplicate heading: ""Current Issues:""","warning"
"docs\frontend\QUANTUM_DASHBOARD_MODERNIZATION_ROADMAP.md","153","Duplicate heading: ""Current Issues:""","warning"
"docs\frontend\QUANTUM_DASHBOARD_MODERNIZATION_ROADMAP.md","205","Duplicate heading: ""Current Issues:""","warning"
"docs\frontend\QUANTUM_DASHBOARD_MODERNIZATION_ROADMAP.md","95","Duplicate heading: ""Solution:""","warning"
"docs\frontend\QUANTUM_DASHBOARD_MODERNIZATION_ROADMAP.md","127","Duplicate heading: ""Solution:""","warning"
"docs\frontend\QUANTUM_DASHBOARD_MODERNIZATION_ROADMAP.md","158","Duplicate heading: ""Solution:""","warning"
"docs\frontend\QUANTUM_DASHBOARD_MODERNIZATION_ROADMAP.md","90","Duplicate heading: ""Current Issues:""","warning"
"docs\frontend\QUANTUM_DASHBOARD_MODERNIZATION_ROADMAP.md","122","Duplicate heading: ""Current Issues:""","warning"
"docs\frontend\QUANTUM_DASHBOARD_MODERNIZATION_ROADMAP.md","153","Duplicate heading: ""Current Issues:""","warning"
"docs\frontend\QUANTUM_DASHBOARD_MODERNIZATION_ROADMAP.md","205","Duplicate heading: ""Current Issues:""","warning"
"docs\frontend\QUANTUM_DASHBOARD_MODERNIZATION_ROADMAP.md","176","Duplicate heading: ""Target Design:""","warning"
"docs\frontend\QUANTUM_DASHBOARD_MODERNIZATION_ROADMAP.md","210","Duplicate heading: ""Target Design:""","warning"
"docs\frontend\QUANTUM_DASHBOARD_MODERNIZATION_ROADMAP.md","243","Duplicate heading: ""Target Design:""","warning"
"docs\frontend\QUANTUM_DASHBOARD_MODERNIZATION_ROADMAP.md","195","Duplicate heading: ""Features to Add:""","warning"
"docs\frontend\QUANTUM_DASHBOARD_MODERNIZATION_ROADMAP.md","228","Duplicate heading: ""Features to Add:""","warning"
"docs\frontend\QUANTUM_DASHBOARD_MODERNIZATION_ROADMAP.md","171","Duplicate heading: ""Current State:""","warning"
"docs\frontend\QUANTUM_DASHBOARD_MODERNIZATION_ROADMAP.md","238","Duplicate heading: ""Current State:""","warning"
"docs\frontend\QUANTUM_DASHBOARD_MODERNIZATION_ROADMAP.md","176","Duplicate heading: ""Target Design:""","warning"
"docs\frontend\QUANTUM_DASHBOARD_MODERNIZATION_ROADMAP.md","210","Duplicate heading: ""Target Design:""","warning"
"docs\frontend\QUANTUM_DASHBOARD_MODERNIZATION_ROADMAP.md","243","Duplicate heading: ""Target Design:""","warning"
"docs\GOD_MODE_ULTIMATE_ROADMAP.md","4","Line too long (144 characters)","info"
"docs\GOD_MODE_ULTIMATE_ROADMAP.md","7","Line too long (193 characters)","info"
"docs\GOD_MODE_ULTIMATE_ROADMAP.md","102","Line too long (188 characters)","info"
"docs\GOD_MODE_ULTIMATE_ROADMAP.md","281","Trailing whitespace","warning"
"docs\GOD_MODE_ULTIMATE_ROADMAP.md","281","Line too long (188 characters)","info"
"docs\GOD_MODE_ULTIMATE_ROADMAP.md","71","Heading level jumps from H1 to H3","warning"
"docs\GOD_MODE_ULTIMATE_ROADMAP.md","86","Heading level jumps from H1 to H3","warning"
"docs\MARKET_NARRATOR_ROADMAP.md","4","Line too long (125 characters)","info"
"docs\MARKET_NARRATOR_ROADMAP.md","7","Line too long (139 characters)","info"
"docs\MARKET_NARRATOR_ROADMAP.md","111","Line too long (162 characters)","info"
"docs\MARKET_NARRATOR_ROADMAP.md","117","Line too long (137 characters)","info"
"docs\MARKET_NARRATOR_ROADMAP.md","121","Line too long (270 characters)","info"
"docs\MARKET_NARRATOR_ROADMAP.md","127","Line too long (251 characters)","info"
"docs\MARKET_NARRATOR_ROADMAP.md","129","Line too long (148 characters)","info"
"docs\MARKET_NARRATOR_ROADMAP.md","226","Trailing whitespace","warning"
"docs\MARKET_NARRATOR_ROADMAP.md","64","Heading level jumps from H1 to H3","warning"
"docs\MODULAR_INTEGRATION_ROADMAP.md","4","Line too long (196 characters)","info"
"docs\MODULAR_INTEGRATION_ROADMAP.md","286","Trailing whitespace","warning"
"docs\MODULAR_INTEGRATION_ROADMAP.md","290","Trailing whitespace","warning"
"docs\MODULAR_INTEGRATION_ROADMAP.md","296","Trailing whitespace","warning"
"docs\MODULAR_INTEGRATION_ROADMAP.md","596","Trailing whitespace","warning"
"docs\MODULAR_INTEGRATION_ROADMAP.md","596","Line too long (333 characters)","info"
"docs\MODULAR_INTEGRATION_ROADMAP.md","68","Heading level jumps from H1 to H4","warning"
"docs\MODULAR_INTEGRATION_ROADMAP.md","94","Heading level jumps from H1 to H4","warning"
"docs\MODULAR_INTEGRATION_ROADMAP.md","123","Heading level jumps from H1 to H4","warning"
"docs\MODULAR_INTEGRATION_ROADMAP.md","151","Heading level jumps from H1 to H4","warning"
"docs\MODULAR_INTEGRATION_ROADMAP.md","333","Heading level jumps from H1 to H3","warning"
"docs\MODULAR_INTEGRATION_ROADMAP.md","500","Heading level jumps from H1 to H3","warning"
"docs\modules\MARKET_NARRATOR_PHASE3_ROADMAP.md","5","Line too long (260 characters)","info"
"docs\modules\MARKET_NARRATOR_PHASE3_ROADMAP.md","354","Trailing whitespace","warning"
"docs\modules\MARKET_NARRATOR_PHASE3_ROADMAP.md","354","Line too long (152 characters)","info"
"docs\modules\MARKET_NARRATOR_PHASE3_ROADMAP.md","25","Heading level jumps from H1 to H4","warning"
"docs\modules\MARKET_NARRATOR_PHASE3_ROADMAP.md","36","Heading level jumps from H1 to H4","warning"
"docs\modules\MARKET_NARRATOR_PHASE3_ROADMAP.md","46","Heading level jumps from H1 to H4","warning"
"docs\modules\MARKET_NARRATOR_PHASE3_ROADMAP.md","56","Heading level jumps from H1 to H4","warning"
"docs\modules\MARKET_NARRATOR_PHASE3_ROADMAP.md","68","Heading level jumps from H1 to H3","warning"
"docs\modules\MARKET_NARRATOR_PHASE3_ROADMAP.md","81","Heading level jumps from H1 to H4","warning"
"docs\modules\MARKET_NARRATOR_PHASE3_ROADMAP.md","92","Heading level jumps from H1 to H4","warning"
"docs\modules\MARKET_NARRATOR_PHASE3_ROADMAP.md","103","Heading level jumps from H1 to H4","warning"
"docs\modules\MARKET_NARRATOR_PHASE3_ROADMAP.md","113","Heading level jumps from H1 to H4","warning"
"docs\modules\MARKET_NARRATOR_PHASE3_ROADMAP.md","146","Heading level jumps from H1 to H3","warning"
"docs\modules\MARKET_NARRATOR_PHASE3_ROADMAP.md","226","Heading level jumps from H1 to H3","warning"
"docs\modules\MARKET_NARRATOR_PHASE3_ROADMAP.md","235","Heading level jumps from H1 to H3","warning"
"docs\modules\MARKET_NARRATOR_PHASE3_ROADMAP.md","258","Heading level jumps from H1 to H3","warning"
"docs\modules\MARKET_NARRATOR_PHASE3_ROADMAP.md","268","Heading level jumps from H1 to H3","warning"
"docs\PROJECT_CLEANUP_ROADMAP.md","221","Trailing whitespace","warning"
"docs\PROJECT_CLEANUP_ROADMAP.md","221","Line too long (163 characters)","info"
"docs\QUANTUM_DASHBOARD_ROADMAP.md","4","Line too long (254 characters)","info"
"docs\QUANTUM_DASHBOARD_ROADMAP.md","690","Trailing whitespace","warning"
"docs\QUANTUM_DASHBOARD_ROADMAP.md","622","Heading level jumps from H1 to H3","warning"
"docs\QUANTUM_DASHBOARD_ROADMAP.md","633","Heading level jumps from H1 to H3","warning"
"docs\QUANTUM_DASHBOARD_ROADMAP.md","667","Heading level jumps from H1 to H3","warning"
"docs\QUANTUM_DASHBOARD_ROADMAP.md","15","Duplicate heading: ""üìà Implementation Status Overview""","warning"
"docs\QUANTUM_DASHBOARD_ROADMAP.md","69","Duplicate heading: ""üìà Implementation Status Overview""","warning"
"docs\QUANTUM_DASHBOARD_ROADMAP.md","17","Duplicate heading: ""‚úÖ Completed Features (Phase 1)""","warning"
"docs\QUANTUM_DASHBOARD_ROADMAP.md","71","Duplicate heading: ""‚úÖ Completed Features (Phase 1)""","warning"
"docs\QUANTUM_DASHBOARD_ROADMAP.md","19","Duplicate heading: ""üèóÔ∏è Core Architecture""","warning"
"docs\QUANTUM_DASHBOARD_ROADMAP.md","73","Duplicate heading: ""üèóÔ∏è Core Architecture""","warning"
"docs\QUANTUM_DASHBOARD_ROADMAP.md","26","Duplicate heading: ""üé® Design System""","warning"
"docs\QUANTUM_DASHBOARD_ROADMAP.md","80","Duplicate heading: ""üé® Design System""","warning"
"docs\QUANTUM_DASHBOARD_ROADMAP.md","38","Duplicate heading: ""üì¶ Component Library""","warning"
"docs\QUANTUM_DASHBOARD_ROADMAP.md","92","Duplicate heading: ""üì¶ Component Library""","warning"
"docs\QUANTUM_DASHBOARD_ROADMAP.md","45","Duplicate heading: ""üñºÔ∏è Visual Dashboard Structure""","warning"
"docs\QUANTUM_DASHBOARD_ROADMAP.md","99","Duplicate heading: ""üñºÔ∏è Visual Dashboard Structure""","warning"
"docs\QUANTUM_DASHBOARD_ULTIMATE_VISION.md","5","Line too long (161 characters)","info"
"docs\QUANTUM_DASHBOARD_ULTIMATE_VISION.md","236","Trailing whitespace","warning"
"docs\README.md","4","Dead local link: ./user-guides/PROJECT_SETUP.md","error"
"docs\README.md","14","Dead local link: ./modules/SHADOW_MODE_ROADMAP.md","error"
"docs\README.md","15","Dead local link: ./modules/ADAPTIVE_TRADE_MANAGER_ROADMAP.md","error"
"docs\README.md","16","Dead local link: ./modules/MARKET_NARRATOR_ROADMAP.md","error"
"docs\README.md","17","Dead local link: ./modules/STRATEGY_WHISPERER_ROADMAP.md","error"
"docs\README.md","18","Dead local link: ./modules/GOD_MODE_ULTIMATE_ROADMAP.md","error"
"docs\README.md","21","Dead local link: ./frontend/QUANTUM_DASHBOARD_ROADMAP.md","error"
"docs\README.md","23","Dead local link: ./frontend/dashboard-screenshots.md","error"
"docs\README.md","27","Dead local link: ./status/IMPLEMENTATION_TASKS.md","error"
"docs\README.md","33","Dead local link: ./features/REVOLUTIONARY_FEATURES_SUMMARY.md","error"
"docs\README.md","38","Dead local link: ./user-guides/UNIFIED_TRADING_ENGINE_GUIDE.md","error"
"docs\README.md","47","Dead local link: ./archive/roadmaps/","error"
"docs\README.md","48","Dead local link: ./archive/history/","error"
"docs\README.md","54","Trailing whitespace","warning"
"docs\REVOLUTIONARY_FEATURES_SUMMARY.md","4","Line too long (187 characters)","info"
"docs\REVOLUTIONARY_FEATURES_SUMMARY.md","192","Line too long (174 characters)","info"
"docs\REVOLUTIONARY_FEATURES_SUMMARY.md","198","Trailing whitespace","warning"
"docs\REVOLUTIONARY_FEATURES_SUMMARY.md","198","Line too long (155 characters)","info"
"docs\roadmaps\ADVANCED_ROADMAP_2025.md","8","Line too long (277 characters)","info"
"docs\roadmaps\ADVANCED_ROADMAP_2025.md","428","Line too long (285 characters)","info"
"docs\roadmaps\AI_ALGO_TRADE_ENHANCED_ROADMAP_2025.md","342","Trailing whitespace","warning"
"docs\roadmaps\AI_ALGO_TRADE_ENHANCED_ROADMAP_2025.md","194","Heading level jumps from H1 to H3","warning"
"docs\roadmaps\MODULAR_DEVELOPMENT_ROADMAP_2025.md","5","Line too long (162 characters)","info"
"docs\roadmaps\MODULAR_DEVELOPMENT_ROADMAP_2025.md","365","Trailing whitespace","warning"
"docs\roadmaps\MODULAR_DEVELOPMENT_ROADMAP_2025.md","44","Heading level jumps from H1 to H4","warning"
"docs\roadmaps\MODULAR_DEVELOPMENT_ROADMAP_2025.md","76","Heading level jumps from H1 to H4","warning"
"docs\roadmaps\MODULAR_DEVELOPMENT_ROADMAP_2025.md","108","Heading level jumps from H1 to H4","warning"
"docs\roadmaps\MODULAR_DEVELOPMENT_ROADMAP_2025.md","140","Heading level jumps from H1 to H4","warning"
"docs\roadmaps\MODULAR_DEVELOPMENT_ROADMAP_2025.md","167","Heading level jumps from H1 to H4","warning"
"docs\SECURITY_ARCHITECTURE_COMPARISON.md","8","Line too long (131 characters)","info"
"docs\SECURITY_ARCHITECTURE_COMPARISON.md","13","Line too long (146 characters)","info"
"docs\SECURITY_ARCHITECTURE_COMPARISON.md","315","Line too long (152 characters)","info"
"docs\SECURITY_ARCHITECTURE_COMPARISON.md","321","Trailing whitespace","warning"
"docs\SECURITY_ARCHITECTURE_COMPARISON.md","221","Heading level jumps from H1 to H4","warning"
"docs\SHADOW_MODE_ROADMAP.md","7","Line too long (147 characters)","info"
"docs\SHADOW_MODE_ROADMAP.md","580","Line too long (126 characters)","info"
"docs\SHADOW_MODE_ROADMAP.md","589","Trailing whitespace","warning"
"docs\SHADOW_MODE_ROADMAP.md","589","Line too long (162 characters)","info"
"docs\SHADOW_MODE_ROADMAP.md","68","Heading level jumps from H1 to H3","warning"
"docs\SHADOW_MODE_ROADMAP.md","298","Heading level jumps from H1 to H4","warning"
"docs\SHADOW_MODE_ROADMAP.md","309","Heading level jumps from H1 to H4","warning"
"docs\SHADOW_MODE_ROADMAP.md","322","Heading level jumps from H1 to H3","warning"
"docs\SHADOW_MODE_ROADMAP.md","334","Heading level jumps from H1 to H4","warning"
"docs\SHADOW_MODE_ROADMAP.md","344","Heading level jumps from H1 to H4","warning"
"docs\SHADOW_MODE_ROADMAP.md","354","Heading level jumps from H1 to H4","warning"
"docs\SHADOW_MODE_ROADMAP.md","363","Heading level jumps from H1 to H4","warning"
"docs\SHADOW_MODE_ROADMAP.md","392","Heading level jumps from H1 to H3","warning"
"docs\SHADOW_MODE_ROADMAP.md","402","Heading level jumps from H1 to H3","warning"
"docs\SHADOW_MODE_ROADMAP.md","444","Heading level jumps from H1 to H3","warning"
"docs\SHADOW_MODE_ROADMAP.md","467","Heading level jumps from H1 to H3","warning"
"docs\SHADOW_MODE_ROADMAP.md","531","Heading level jumps from H1 to H3","warning"
"docs\SHADOW_MODE_ROADMAP.md","541","Heading level jumps from H1 to H3","warning"
"docs\SHADOW_MODE_ROADMAP.md","421","Duplicate heading: ""Response Example""","warning"
"docs\SHADOW_MODE_ROADMAP.md","449","Duplicate heading: ""Response Example""","warning"
"docs\SHADOW_MODE_ROADMAP.md","472","Duplicate heading: ""Response Example""","warning"
"docs\SHADOW_MODE_ROADMAP.md","421","Duplicate heading: ""Response Example""","warning"
"docs\SHADOW_MODE_ROADMAP.md","449","Duplicate heading: ""Response Example""","warning"
"docs\SHADOW_MODE_ROADMAP.md","472","Duplicate heading: ""Response Example""","warning"
"docs\SQL_INJECTION_PROTECTION_SUMMARY.md","155","Trailing whitespace","warning"
"docs\SQL_INJECTION_PROTECTION_SUMMARY.md","26","Heading level jumps from H1 to H3","warning"
"docs\SQL_INJECTION_PROTECTION_SUMMARY.md","113","Heading level jumps from H1 to H3","warning"
"docs\status\ADAPTIVE_TRADE_MANAGER_IMPLEMENTATION_TASKS.md","4","Line too long (141 characters)","info"
"docs\status\ADAPTIVE_TRADE_MANAGER_IMPLEMENTATION_TASKS.md","10","Line too long (154 characters)","info"
"docs\status\ADAPTIVE_TRADE_MANAGER_IMPLEMENTATION_TASKS.md","13","Line too long (134 characters)","info"
"docs\status\ADAPTIVE_TRADE_MANAGER_IMPLEMENTATION_TASKS.md","14","Line too long (165 characters)","info"
"docs\status\ADAPTIVE_TRADE_MANAGER_IMPLEMENTATION_TASKS.md","38","Line too long (121 characters)","info"
"docs\status\ADAPTIVE_TRADE_MANAGER_IMPLEMENTATION_TASKS.md","60","Line too long (128 characters)","info"
"docs\status\ADAPTIVE_TRADE_MANAGER_IMPLEMENTATION_TASKS.md","109","Line too long (154 characters)","info"
"docs\status\ADAPTIVE_TRADE_MANAGER_IMPLEMENTATION_TASKS.md","122","Trailing whitespace","warning"
"docs\status\GOD_MODE_IMPLEMENTATION_TASKS.md","209","Trailing whitespace","warning"
"docs\status\MARKET_NARRATOR_IMPLEMENTATION_TASKS.md","4","Line too long (166 characters)","info"
"docs\status\MARKET_NARRATOR_IMPLEMENTATION_TASKS.md","10","Line too long (139 characters)","info"
"docs\status\MARKET_NARRATOR_IMPLEMENTATION_TASKS.md","13","Line too long (128 characters)","info"
"docs\status\MARKET_NARRATOR_IMPLEMENTATION_TASKS.md","14","Line too long (158 characters)","info"
"docs\status\MARKET_NARRATOR_IMPLEMENTATION_TASKS.md","87","Trailing whitespace","warning"
"docs\status\MODULAR_INTEGRATION_SUMMARY.md","192","Trailing whitespace","warning"
"docs\status\PHASE_DEVELOPMENT_STATUS.md","15","Line too long (122 characters)","info"
"docs\status\PHASE_DEVELOPMENT_STATUS.md","16","Line too long (124 characters)","info"
"docs\status\PHASE_DEVELOPMENT_STATUS.md","17","Line too long (129 characters)","info"
"docs\status\PHASE_DEVELOPMENT_STATUS.md","19","Line too long (122 characters)","info"
"docs\status\PHASE_DEVELOPMENT_STATUS.md","20","Line too long (125 characters)","info"
"docs\status\PHASE_DEVELOPMENT_STATUS.md","263","Line too long (212 characters)","info"
"docs\status\PHASE_DEVELOPMENT_STATUS.md","273","Trailing whitespace","warning"
"docs\status\PHASE_DEVELOPMENT_STATUS.md","30","Duplicate heading: ""‚úÖ **COMPLETED FEATURES:**""","warning"
"docs\status\PHASE_DEVELOPMENT_STATUS.md","57","Duplicate heading: ""‚úÖ **COMPLETED FEATURES:**""","warning"
"docs\status\PHASE_DEVELOPMENT_STATUS.md","85","Duplicate heading: ""‚úÖ **COMPLETED FEATURES:**""","warning"
"docs\status\PHASE_DEVELOPMENT_STATUS.md","113","Duplicate heading: ""‚úÖ **COMPLETED FEATURES:**""","warning"
"docs\status\PHASE_DEVELOPMENT_STATUS.md","30","Duplicate heading: ""‚úÖ **COMPLETED FEATURES:**""","warning"
"docs\status\PHASE_DEVELOPMENT_STATUS.md","57","Duplicate heading: ""‚úÖ **COMPLETED FEATURES:**""","warning"
"docs\status\PHASE_DEVELOPMENT_STATUS.md","85","Duplicate heading: ""‚úÖ **COMPLETED FEATURES:**""","warning"
"docs\status\PHASE_DEVELOPMENT_STATUS.md","113","Duplicate heading: ""‚úÖ **COMPLETED FEATURES:**""","warning"
"docs\status\PHASE_DEVELOPMENT_STATUS.md","30","Duplicate heading: ""‚úÖ **COMPLETED FEATURES:**""","warning"
"docs\status\PHASE_DEVELOPMENT_STATUS.md","57","Duplicate heading: ""‚úÖ **COMPLETED FEATURES:**""","warning"
"docs\status\PHASE_DEVELOPMENT_STATUS.md","85","Duplicate heading: ""‚úÖ **COMPLETED FEATURES:**""","warning"
"docs\status\PHASE_DEVELOPMENT_STATUS.md","113","Duplicate heading: ""‚úÖ **COMPLETED FEATURES:**""","warning"
"docs\status\SHADOW_MODE_IMPLEMENTATION_TASKS.md","322","Trailing whitespace","warning"
"docs\status\STRATEGY_WHISPERER_IMPLEMENTATION_TASKS.md","247","Trailing whitespace","warning"
"docs\STRATEGY_WHISPERER_ROADMAP.md","7","Line too long (142 characters)","info"
"docs\STRATEGY_WHISPERER_ROADMAP.md","105","Line too long (124 characters)","info"
"docs\STRATEGY_WHISPERER_ROADMAP.md","108","Line too long (123 characters)","info"
"docs\STRATEGY_WHISPERER_ROADMAP.md","113","Line too long (125 characters)","info"
"docs\STRATEGY_WHISPERER_ROADMAP.md","201","Trailing whitespace","warning"
"docs\STRATEGY_WHISPERER_ROADMAP.md","58","Heading level jumps from H1 to H3","warning"
"docs\system\SYSTEM_STATUS_CHECK.md","146","Trailing whitespace","warning"
"docs\technical\AI_ENHANCEMENTS_SUMMARY.md","363","Trailing whitespace","warning"
"docs\technical\AI_ENHANCEMENTS_SUMMARY.md","36","Heading level jumps from H1 to H4","warning"
"docs\technical\AI_ENHANCEMENTS_SUMMARY.md","49","Heading level jumps from H1 to H3","warning"
"docs\technical\AI_ENHANCEMENTS_SUMMARY.md","323","Heading level jumps from H1 to H3","warning"
"docs\technical\AI_ENHANCEMENTS_SUMMARY.md","16","Duplicate heading: ""**Frontend Components**""","warning"
"docs\technical\AI_ENHANCEMENTS_SUMMARY.md","177","Duplicate heading: ""**Frontend Components**""","warning"
"docs\technical\ARCHITECTURE.md","3","Line too long (135 characters)","info"
"docs\technical\ARCHITECTURE.md","7","Line too long (307 characters)","info"
"docs\technical\ARCHITECTURE.md","11","Line too long (139 characters)","info"
"docs\technical\ARCHITECTURE.md","12","Line too long (125 characters)","info"
"docs\technical\ARCHITECTURE.md","13","Line too long (123 characters)","info"
"docs\technical\ARCHITECTURE.md","87","Line too long (126 characters)","info"
"docs\technical\ARCHITECTURE.md","88","Line too long (134 characters)","info"
"docs\technical\ARCHITECTURE.md","140","Trailing whitespace","warning"
"docs\technical\IMPORT_SORUNLARI_COZULDU.md","129","Trailing whitespace","warning"
"docs\technical\UNIFIED_TRADING_ENGINE_SUMMARY.md","234","Line too long (131 characters)","info"
"docs\technical\UNIFIED_TRADING_ENGINE_SUMMARY.md","243","Trailing whitespace","warning"
"docs\technical\UNIFIED_TRADING_ENGINE_SUMMARY.md","81","Heading level jumps from H1 to H3","warning"
"docs\technical\UNIFIED_TRADING_ENGINE_SUMMARY.md","93","Heading level jumps from H1 to H3","warning"
"docs\TICKMILL_LOGIN_GUIDE.md","157","Trailing whitespace","warning"
"docs\TICKMILL_LOGIN_GUIDE.md","84","Heading level jumps from H1 to H3","warning"
"docs\TICKMILL_LOGIN_GUIDE.md","94","Heading level jumps from H1 to H3","warning"
"docs\TICKMILL_LOGIN_GUIDE.md","77","Duplicate heading: ""Install dependencies""","warning"
"docs\TICKMILL_LOGIN_GUIDE.md","86","Duplicate heading: ""Install dependencies""","warning"
"docs\UPDATED_MODULE_STATUS_2025.md","311","Trailing whitespace","warning"
"docs\user-guides\COMPLETE_SYSTEM_GUIDE.md","5","Line too long (220 characters)","info"
"docs\user-guides\COMPLETE_SYSTEM_GUIDE.md","9","Line too long (127 characters)","info"
"docs\user-guides\COMPLETE_SYSTEM_GUIDE.md","71","Line too long (220 characters)","info"
"docs\user-guides\COMPLETE_SYSTEM_GUIDE.md","74","Line too long (160 characters)","info"
"docs\user-guides\COMPLETE_SYSTEM_GUIDE.md","136","Trailing whitespace","warning"
"docs\user-guides\PROJE_KULLANIM_KILAVUZU.md","112","Trailing whitespace","warning"
"docs\user-guides\QUICK_START_GUIDE.md","189","Trailing whitespace","warning"
"docs\user-guides\QUICK_START_GUIDE.md","40","Heading level jumps from H1 to H3","warning"
"docs\user-guides\QUICK_START_GUIDE.md","148","Heading level jumps from H1 to H3","warning"
"DOCUMENTATION_INDEX_MASTER.md","11","Line too long (234 characters)","info"
"DOCUMENTATION_INDEX_MASTER.md","222","Line too long (134 characters)","info"
"DOCUMENTATION_INVENTORY_REPORT.md","11","Line too long (280 characters)","info"
"DOCUMENTATION_INVENTORY_REPORT.md","253","Line too long (278 characters)","info"
"DOCUMENTATION_INVENTORY_REPORT.md","255","Line too long (206 characters)","info"
"documentation_summary.md","23","Line too long (126 characters)","info"
"documentation_summary.md","24","Line too long (124 characters)","info"
"documentation_summary.md","25","Line too long (135 characters)","info"
"mql5_forge_repos\README.md","3","Line too long (148 characters)","info"
"mql5_forge_repos\README.md","7","Line too long (272 characters)","info"
"mql5_forge_repos\README.md","20","Line too long (159 characters)","info"
"mql5_forge_repos\README.md","21","Line too long (176 characters)","info"
"mql5_forge_repos\README.md","22","Line too long (168 characters)","info"
"mql5_forge_repos\README.md","23","Line too long (196 characters)","info"
"mql5_forge_repos\README.md","31","Line too long (124 characters)","info"
"mql5_forge_repos\README.md","32","Line too long (151 characters)","info"
"mql5_forge_repos\README.md","38","Line too long (139 characters)","info"
"mql5_forge_repos\README.md","65","Trailing whitespace","warning"
"mql5_forge_repos\strategies\ict_ob_strategy\README.md","3","Line too long (124 characters)","info"
"mql5_forge_repos\strategies\ict_ob_strategy\README.md","7","Line too long (225 characters)","info"
"mql5_forge_repos\strategies\ict_ob_strategy\README.md","12","Line too long (128 characters)","info"
"mql5_forge_repos\strategies\ict_ob_strategy\README.md","86","Trailing whitespace","warning"
"PROJECT_OVERVIEW.md","5","Line too long (220 characters)","info"
"PROJECT_OVERVIEW.md","234","Heading level jumps from H1 to H3","warning"
"README.md","3","Line too long (147 characters)","info"
"README.md","7","Line too long (134 characters)","info"
"README.md","13","Trailing whitespace","warning"
"README.md","63","Trailing whitespace","warning"
"README.md","98","Trailing whitespace","warning"
"README.md","109","Trailing whitespace","warning"
"README.md","130","Trailing whitespace","warning"
"README.md","155","Trailing whitespace","warning"
"README.md","157","Trailing whitespace","warning"
"README.md","113","Heading level jumps from H1 to H3","warning"
"SUPABASE_GRAPHQL_SECURITY_IMPLEMENTATION.md","1083","Line too long (304 characters)","info"
"SUPABASE_GRAPHQL_SECURITY_IMPLEMENTATION.md","54","Heading level jumps from H1 to H4","warning"
"SUPABASE_GRAPHQL_SECURITY_IMPLEMENTATION.md","139","Heading level jumps from H1 to H4","warning"
"SUPABASE_GRAPHQL_SECURITY_IMPLEMENTATION.md","241","Heading level jumps from H1 to H4","warning"
"SUPABASE_GRAPHQL_SECURITY_IMPLEMENTATION.md","298","Heading level jumps from H1 to H3","warning"
"SUPABASE_GRAPHQL_SECURITY_IMPLEMENTATION.md","325","Heading level jumps from H1 to H4","warning"
"SUPABASE_GRAPHQL_SECURITY_IMPLEMENTATION.md","398","Heading level jumps from H1 to H4","warning"
"SUPABASE_GRAPHQL_SECURITY_IMPLEMENTATION.md","473","Heading level jumps from H1 to H3","warning"
"SUPABASE_GRAPHQL_SECURITY_IMPLEMENTATION.md","519","Heading level jumps from H1 to H4","warning"
"SUPABASE_GRAPHQL_SECURITY_IMPLEMENTATION.md","556","Heading level jumps from H1 to H4","warning"
"SUPABASE_GRAPHQL_SECURITY_IMPLEMENTATION.md","609","Heading level jumps from H1 to H4","warning"
"SUPABASE_GRAPHQL_SECURITY_IMPLEMENTATION.md","692","Heading level jumps from H1 to H3","warning"
"SUPABASE_GRAPHQL_SECURITY_IMPLEMENTATION.md","739","Heading level jumps from H1 to H4","warning"
"SUPABASE_GRAPHQL_SECURITY_IMPLEMENTATION.md","777","Heading level jumps from H1 to H3","warning"
"SUPABASE_GRAPHQL_SECURITY_IMPLEMENTATION.md","1041","Heading level jumps from H1 to H3","warning"